sequence,label
CCCCACTGGGATATGAGACACAGAAAGAACCCTGGGCTGGAGTCAGG,0
GAGTTAAAAGTTACCATTTGCTGGGTCAGCCCTTAAAGGCTTAGTCAGCTGCTTTGTCT,0
CTGCAGTTAAGTAACACAAAGGTAAGAAATGACTCATGCCAGGAAAGGGAATAGCATGA,0
TTTTAAAATAATCCAAGTGAGCAACGATGGTCTAAACTAACA,0
GCTAATATACCTTCTAAGCTGTATGTCTACGTGTAAGTGTGCATTCATCTCAAG,0
GGAGTAGCCCTCTTAGTCTTTCAAGAACTTTTCCTTTGCATT,0
TATTGATCACTCATGGGCACTGCCTGCTATCCTGCTGCAACTC,0
TCCTAAATGACTGGCATTTGCAGTGCTATTCATTTGTAAAA,1
AAAAAAAGGTACAGTGGTGTTTGGGTTCAAGAAAATACTCAGACCTGT,1
AAACAAATTACAAACATATGAGTCAAACCGAAAAAAATGTCTTTTG,0
AAAAAAAGAAAAAAAAAAAGAAATGATTACGAGCCTTTTTTTTT,1
AAGTCCACCTTCAAGATCTTTAATATGTAGTTTGTGTGGAAGAAAACGACTGTCACTTG,0
CTTTCAGCAAGACAATCATTCTCTCTCCATTTCCTCATTTACGACGT,1
ATAATCTGGGTGTTCAGCCAACTGGCACAGATGGGCCAGACGCCAAGCTCAGCAACGTG,1
AAATAAAAGAGGACGCAAACAAATGGAAGAACATTCCATGCTC,0
TAGATCCTGGTGGTCCATCAAATATTTGAAGGCATTTATCA,1
TGTAAATTTAACCATAACCATCCAGAAAGATCAGTTATAAAATGGACATTCTGGGCTG,1
TGTAGAGACAGGGTTTCACCATGTTGCCCAGGCTAATCTTGAACTCCTGAGCTCAAG,0
AGAACTAAAAACAAAAATCACACAATCACCTCAATAGATGC,1
GACAGCGTGCAAGAACAGATGGGCAGTGTAAGCAGAGAGA,1
GTATCAAAAAAATAATTTTTTTAAAAATTTAAGAAGTGCAGTTAA,1
AGGCCAGAGTCAGCTATACTTTCCACGCGATATTTATGGAATCTGTGATTCACACA,1
CATTAACCTAATATTAGCACTTATTCCAATTAGATTCCAAGCTCA,0
CAGCAGGAGGAAGGGGCTCTCCTGCAGCTTCCAGCTACTGCGTGGTGGGTCAATGAAG,0
TTCCCTGACTCTCATTCTTTTTCTCCCCCTCCTCCTTCCTCACTTCATCTCTCT,1
AACAAACAAACAAACAACTAAAACTAAAACATTTACATGTCTCTGAACATATGTTCT,1
ACAAACCTGCACATGTAATTCTGAACTTAAAAGTTAAAAAT,1
ATCATGTCATCTGCAAACAGGGATGTTATGGTTTGGATATTTGACCCCTCCAA,0
ATCATGCAATTGAAATCATGGATTAGAAAGGCTAAAATAGAGTTA,1
AGTTTGGATTAAATGACTTTGAGTTTCTTCAAGTGTTTATATTTTGCATCTG,0
TCATTTAAAGTTTTATTAAATGATGCATGAATATTTTTTCAAAAAGATA,1
TGCACCAGGCCTCCCCAGGACCTGTGAGTAAATTACACTGTGA,1
CCTGGCATGCTACTTTGATTCATCTCAACTGTCACTTCCT,0
TGGCCATCTCTTCTCTGTTAAATAATTGGGTGCTCAAGTGCCCAAGACTCCTAAGGATAT,1
TCTTGCCTCCCTGTCCCCAGTGACTTCACAAGACCCAGATGGAGGAGG,0
GGAATGAAAGTTTTGAGAGATAGTTCTGATATCATAATACAATTTGCAAGAGC,0
TTTATTTTAAACTAATCTAGACCATGCCAGTTGGAAGGATTAGATT,1
ATATACTAGTTATATATTTCTGTGTAACAAACCACTCTGAAAGTTAACAGCTTAAAA,1
AAGCGAGTTTCCTAATACCTTACATCCCCCAATGTTAGCTTGGGT,0
ATTTTCAGTAAAGCAAAATAAACCTCCATGATCAACTTAGT,1
AATAACAAATTTCATGTTATATGTATTTTACCATGATAAAAACAATTAAAAAAA,1
TTAATCAAAATGCTTCTCTCTTTGTCTGTCACTTGTCTTTGAA,1
TTTTGAGATGAAGTTTTGCTCTTGTTGCCCAGGCTGAGTGCAGTGGCATGATC,0
CACCAACTTAAAAAGGACTGGACAATACTTTTACCACTTTC,0
TGGCTGCTGTATTAGCATCTGCTCGGCCGTACCATCAGCCGATTAGTA,0
GAGTTGTGTTAGCAGACATGGGAAGCTTCTTCCCAGACCCATCTACATCTCCCTGTTT,0
ACACAGACATAGTTTTTTCCAGGCAAACAATATAGCCCTC,1
TGGGCTCCTACAATGGCGCTGTGCTGCAGCTACCCAGTACTCAGAAGC,0
TGGTTATGTTATTGTATATATAAATATTTATGTTTTCATATATT,1
CAGAAACAATAAAACTAAGTTAAAATATATTATTTCATGGGTTTTCCAAAGTAGTTCC,1
AAGCTCCTGTCTGCCCACTGACTCAACAAATACAGATAAA,1
GTCCTACTTTCCATGCCACTACATTCGTCTGCACTCAAATCCCT,1
GCAGCATCTTTTGTTGTTTCCCTTAGCATTCTTCACATTTTTGTTCTTTT,1
TAGCCAGCTTTTAATTGATGGCTAGCATTTGAATTCAAGTCTA,1
GTTCTTTATTTCAGGAAGAGGGCAGGGCAAGGGGCTCAGTCTTTCT,0
ACAGTTTGAATTTCTACTTAGCAATATTCTTCCAAAGCACAGGGGCTAAGTGTTA,1
TCCATATTGTTGGATATCTCTGTGACATTTTACACAGCATGTTTTAAGGACATACTTTC,1
GGCTGTAAAATGGGGATAATAATAATAAATAAAACATTATTT,1
ACGTAAAATGAGAGATAAACAAAGGAGATTAGAGGGTTTTTG,1
GTCCCGGGGTGCACTGCCATTGATAGCAGGATTGGGGGGC,0
TCCCAGCTCTGTGACCATCAGTGATTTCAAATTTGCCAATG,0
TGATGTACCTCTATCTGTATGACCCAGATTCAACAATTAGGAACATTTT,0
ATTAGCTGGGCATGGTGACATGTGCCTATAATCCCAGCTACTCAGGAGGCTGAGG,0
CTTTATTCCAGTCTATGAGATGTGGTTAGTTGATATCATCTAATATTAAGTAATG,0
CTAGTATCTGAAACAAACTGGGTGAAGGGAAAAATGTTCTGTTGGCCAAGGATTTC,0
TGCCAAGAATTTCTGAAATTGATTTATTTAGGTTTATCTTG,1
GGCTTTGGAAAGAATAACTGTTACTAATACTTGGGTTCTTGCTTTATATTACTGTTTT,1
GGGGAGGTGAGGCAGAAGACCAGAGAAGTCAGTTTACCAGTCTGGGTACG,0
TATTCTTCTTCCATTTCCCAGTTCTAAGGCTCAGGTAAGTGCCACTA,0
GCATGTTTACCTATTTAACAACCTGCACGCCCTGTGCATGTACCCATAA,0
TCTTCTCTCTTTTTTTCTTTATTAGTCTTGCTAGCAGTCTATCAATTT,0
TCCAAATAACTATCCCAGAACAAAGCTCAAGAGTCCTTACAGGAATTCAAAGATATCCAA,0
CAGTGTTACTCTACCACCGGGAGCTGAGAACGAGCAAAGGCAGGAAAGGAGGGGAGAGG,0
AAGGTATTAATTTTCTGGGTCAGATGAAATGGAAAAATTGATA,0
TGAACTCCCATTCACAACTGCTTCAAAGAGAATAAATTAC,0
GGTTAAATGACATGCCCAAGGTCACTGATTGATTCTGAAATTACGGTT,1
TCATTTTCATTTTTTCCTTTCTCCCCACTTTATCATGAATTTCTTTA,0
TAATACTTTGCAGGACTGGGGCAGTGTCATCTCAGATGAG,1
AAATGTTCGATAGGTAAATAGACAACTAACTTGTAATGTATTTATACAAT,0
GTCTAATGTGTGTTTGCATAGGGGATGGTCCAGGCACCTTAG,0
TAAAAGGGTAGAGTCAAGAGGTGGAACTCAAACAATCTAAGA,0
ATGTGCTTAGCCCCGTTTTTGATGGGATTGTTTTTTTCTTATTGATTT,1
GTGTTCCATGTGTTTATGTGCTTAATGGTAGTCAACCATATAAATGATAACAGAAAC,1
GGAGCCGTTTTCTGCCCTGTCGCAACCACATCAGATCTCTTGC,1
GTGTGAGGCTTGCAGAATGGCAGCATGGGCATCACCTGGGAGTGGGC,0
CTTTTCTGTAAAATGAAATTATTTCAAAATTAAACAGTTTTAAAA,1
AGGAGGGAATTGATACCACATCAGGGATTTACATTAATTTGACTTGCT,0
CAGAAATTATTTAAAATATTTTTATATTTATTCTAATTAAGTAAATAACATGTAA,0
GTCGTAGAGGCAGATCACTCATGAATGGCTTGGTGTCTGTCCTAC,0
TTATCTTTGATTTTAAACAGTCTGACTCCATCTTGAAGAAG,1
AAAACTTATTTAACAGAAAGTTGCAGGTTCTTTTATACAAGA,1
AAAATGAAATGAAAATAATAGCTACTATCTTTTATTGAACACTTTTCT,1
GCAGTCCAATTCAATGGATAACTTCCCACCTGTTTTATTTGTTTATTTTTAGTTCTCT,0
AGATTTTATGACGTAGACATCAAAAGCAATTGCTACAAAAGCAAAAAT,1
TAATGCGAGCAAGTGTTGAGTTTGGCTATTTTGTTAACCCAAGATCCTGAGAGA,0
ACCCTACTAGGCACTGGGCCTGTGCCAAGCTCTCCTCACCCAGGTACC,0
ATTAAAATGGAAAATTGGATTATATTTAGCAGAATGAACA,1
CTGACTTTCAGGTAAGGGTCAACACTTCTCCCATGAACTG,0
ATTTGCAGGGCCCAGTGCCAAGTGAAAATACAAGGTCTCTTGA,0
GTTGGGAGTTCAAGACCAGCCTGACCAATATGGAGAAACCCTGTCTCTACTAAAA,0
